{
  "xsec": 12.178,
  "year": "2016APV",
  "treeName": "Events",
  "histAxisName": "WWTo2L2Nu_centralUL16APV",
  "options": "",
  "WCnames": [],
  "files": [
    "/pool/phedex/topEFT/nanoAODv9/29mar2022/NDskims/bkg/UL16APV_WWTo2L2Nu_NDSkim/output_201.root",
    "/pool/phedex/topEFT/nanoAODv9/29mar2022/NDskims/bkg/UL16APV_WWTo2L2Nu_NDSkim/output_540.root",
    "/pool/phedex/topEFT/nanoAODv9/29mar2022/NDskims/bkg/UL16APV_WWTo2L2Nu_NDSkim/output_569.root"
  ],
  "nEvents": 3018000,
  "nGenEvents": 3018000,
  "nSumOfWeights": 33456498.30920001,
  "isData": false,
  "nSumOfWeights_ISRUp": 33453758.042782098,
  "nSumOfWeights_ISRDown": 33457883.67661596,
  "nSumOfWeights_FSRUp": 33470544.471743733,
  "nSumOfWeights_FSRDown": 33456031.021371663,
  "nSumOfWeights_renormUp": 32781271.05555058,
  "nSumOfWeights_renormDown": 34266695.10342151,
  "nSumOfWeights_factUp": 33836883.10485169,
  "nSumOfWeights_factDown": 32990689.131958954,
  "nSumOfWeights_renormfactUp": 33195099.826048166,
  "nSumOfWeights_renormfactDown": 33851832.39453866
}