{
  "xsec": 35.85,
  "year": "2017",
  "treeName": "Events",
  "histAxisName": "tW_centralUL17",
  "options": "",
  "WCnames": [],
  "files": [
    "/pool/phedex/topEFT/nanoAODv9/29mar2022/NDskims/bkg/UL17_tW_NDSkim/output_2691.root",
    "/pool/phedex/topEFT/nanoAODv9/29mar2022/NDskims/bkg/UL17_tW_NDSkim/output_3447.root"
  ],
  "nEvents": 5649000,
  "nGenEvents": 5649000,
  "nSumOfWeights": 183284888.00640005,
  "isData": false,
  "nSumOfWeights_ISRUp": 183279288.21198463,
  "nSumOfWeights_ISRDown": 183287367.87043762,
  "nSumOfWeights_FSRUp": 183275291.61060706,
  "nSumOfWeights_FSRDown": 183319285.01101243,
  "nSumOfWeights_renormUp": 174577581.90985408,
  "nSumOfWeights_renormDown": 192145199.41074678,
  "nSumOfWeights_factUp": 188271355.51262903,
  "nSumOfWeights_factDown": 178214777.35157892,
  "nSumOfWeights_renormfactUp": 179894739.23717326,
  "nSumOfWeights_renormfactDown": 188434289.5695901
}